,No.,Category 1,Category 2,Category 3,Check,,,Test Result (PC),BTS ID,Comment
,1,메인화면,"공통 UI
(상단)",최초 접속,최초 접속 시 마을 로비로 노출되는 것 확인,,,Not Tested,,
,2,,,화면 전환,"화면 스와이프 시, 좌/우측부 로비로 전환되는 것 확인",,,Not Tested,,
,3,,,프로필 아이콘,"유저 프로필 아이콘, 계정레벨 노출 및 터치 시 프로필 설정 기능 동작 확인",,,Not Tested,,
,4,,,보유 재화 목록,열쇠/골드/루비 수량 노출 확인,,,Not Tested,,
,5,,,,"프리즘 오픈 되었을때 프리즘 노출 확인 
-프리즘을 획득 하였거나
-결제 포인트 1000 이상",,,Not Tested,,
,6,,,채팅,채팅 아이콘 노출 및 버튼 터치 시 메뉴 이동 확인,,,Not Tested,,
,7,,,친구,친구 아이콘 노출 및 버튼 터치 시 메뉴 이동 확인,,,Not Tested,,
,8,,,주크박스,주크박스 아이콘 노출 및 버튼 터치 시 메뉴 이동 확인,,,Not Tested,,
,9,,,공지사항,공지사항 아이콘 노출 및 버튼 터치 시 메뉴 이동 확인,,,Not Tested,,
,10,,,코스튬 뽑기,코스튬 뽑기 아이콘 노출 및 버튼 터치 시 메뉴 이동 확인,,,Not Tested,,
,11,,,설정,설정 아이콘 노출 및 버튼 터치 시 메뉴 이동 확인,,,Not Tested,,
,12,,"공통 UI
(하단)",영웅,영웅 정보창 버튼 노출 및 메뉴 이동 확인,,,Not Tested,,
,13,,,성장,영웅 성장 버튼 노출 및 메뉴 이동 확인,,,Not Tested,,
,14,,,,펫 성장 버튼 노출 및 메뉴 이동 확인,,,Not Tested,,
,15,,,,장비 성장 버튼 노출 및 메뉴 이동 확인,,,Not Tested,,
,16,,,공방,조합 버튼 노출 및 메뉴 이동 확인,,,Not Tested,,
,17,,,,세나 체스 버튼 노출 및 메뉴 이동 확인,,,Not Tested,,
,18,,,,멜키르의 실험실 버튼 노출 및 메뉴 이동 확인,,,Not Tested,,
,19,,,가방,가방 버튼 노출 및 메뉴 이동 확인,,,Not Tested,,
,20,,,창고,창고 버튼 노출 및 메뉴 이동 확인,,,Not Tested,,
,21,,마을 로비,화면,각 기능별 NPC들이 화면상 지정된 위치에 노출되는 것 확인,,,Not Tested,,
,22,,,사운드,"배경음악 및 UI 터치음, NPC 상호작용 사운드 등이 출력되는 것 확인",,,Not Tested,,
,23,,,전광판,전광판에 현재 진행중인 이벤트 정보 노출되는 것 확인,,,Not Tested,,
,24,,,소환,"소환상점 NPC(클로에) 터치 시, 소환 메뉴로 이동되는 것 확인",,,Not Tested,,
,25,,,우편함,"우편함 NPC(메이) 터치 시, 우편함 팝업 노출되는 것 확인",,,Not Tested,,
,26,,,대장간,대장간 NPC(비스켓)터치 시 대장간 메뉴로 이동되는 것 확인,,,Not Tested,,
,27,,,길드,"길드 NPC(아라곤) 터치 시, 화면 줌인되며 길드 메뉴 노출되는 것 확인",,,Not Tested,,
,28,,,상점,"상점 NPC(엘리스) 터치 시, 화면 줌인되며 상점 메뉴 노출되는 것 확인",,,Not Tested,,
,29,,아지트 로비,화면,유저가 아지트에 배치해 둔 영웅이 화면 상에 노출되는 것 확인,,,Not Tested,,
,30,,,아지트 배치 영웅,"영웅 터치 시, 화면 줌인되며 영웅 대화 선택지 노출되는 것 확인",,,Not Tested,,
,31,,,아지트 팀 편성,터치 시 아지트 배치 메뉴로 이동되는 것 확인,,,Not Tested,,
,32,,,전시관,터치 시 전시관 메뉴로 이동되는 것 확인,,,Not Tested,,
,33,,,의상실,터치 시 의상실 메뉴로 이동되는 것 확인,,,Not Tested,,
,34,,,연습모드,터치 시 연습전투 메뉴로 이동되는 것 확인,,,Not Tested,,
,35,,,도감,도감 NPC(노호) 터치 시 도감 메뉴로 이동되는 것 확인,,,Not Tested,,
,36,,전투 로비,화면,각 콘텐츠별 이미지가 지정된 위치에 노출되는 것 확인,,,Not Tested,,
,37,,,모험,"모험 NPC(에반,실베스타)터치 시 모험 메뉴로 이동되는 것 확인",,,Not Tested,,
,38,,,레이드,터치 시 레이드 메뉴로 이동되는 것 확인,,,Not Tested,,
,39,,,결투장,터치 시 결투장 메뉴로 이동되는 것 확인,,,Not Tested,,
,40,,,천상대전(상급결투장),천상대전 터치시 메뉴오픈 > 상급결투장 메뉴 터치시 입장되는 것 확인,,,Not Tested,,
,41,,,총력전,터치 시 총력전 메뉴로 이동되는 것 확인,,,Not Tested,,
,42,,,성장 던전,터치 시 성장 던전 메뉴로 이동되는 것 확인,,,Not Tested,,
,43,,,무한의 탑,터치 시 무한의 탑 메뉴로 이동되는 것 확인,,,Not Tested,,
,44,,,시련의 탑,터치 시 시련의 탑 메뉴로 이동되는 것 확인,,,Not Tested,,
,45,주요 기능,프로필 기능,프로필 메뉴,"메인 HUD의 프로필 아이콘 터치 시, 프로필 팝업 노출 확인",,,Not Tested,,
,46,,,,"프로필 메뉴의 구성 UI 노출 확인
 - 닉네임, 계정레벨, 소개말, 레벨 경험치바, 서버, 소속길드, 콘텐츠 달성도, 모험가 스킬 메뉴, 생일, 성별",,,Not Tested,,
,47,,,,프로필 메뉴에서 UI 터치음 사운드 출력되는 것 확인,,,Not Tested,,
,48,,,프로필 설정,"프로필 팝업에서 프로필 아이콘 혹은 닉네임 편집버튼 터치 시, 프로필 설정으로 이동되는 것 확인",,,Not Tested,,
,49,,,콘텐츠 달성 이력,유저가 달성한 콘텐츠 달성 이력 UI 정상 노출 확인,,,Not Tested,,
,50,,,모험가 스킬,버튼 터치 시 모험가 스킬 메뉴로 이동 확인,,,Not Tested,,
,51,,,,달성한 계정레벨에 맞는 레벨 보상 획득되는지 확인,,,Not Tested,,
,52,,우측 메뉴 기능,채팅,HUD 채팅 영역 터치 시 채팅 UI 노출 및 기능 정상 사용,,,Not Tested,,
,53,,,,"금칙어 포함된 텍스트 입력 시, 시스템 메시지 노출되며 해당 텍스트가 채팅에 반영되지 않는 것 확인
 - 사용할 수 없는 단어가 포함되어 있습니다.",,,Fail,,[Auto] Low confidence match - manual verification needed
,54,,,,"채팅 기능 사용 시, 배경음악 및 UI 터치 사운드 출력되는 것 확인",,,Not Tested,,
,55,,,친구,"친구 아이콘 터치 시, 친구 메뉴 입장되는 것 확인",,,Not Tested,,
,56,,,,"친구 기능 사용 시, 배경음악 및 UI 터치 사운드 출력되는 것 확인",,,Not Tested,,
,57,,,,"친구대전 진행시 BGM, 전투, 결과가 정상적으로 출력되는것을 확인",,,Not Tested,,
,58,,,랭킹,"랭킹 아이콘 터치 시, 랭킹 메뉴 입장되는 것 확인",,,Not Tested,,
,59,,,,"랭킹 기능 사용 시, 배경음악 및 UI 터치 사운드 출력되는 것 확인",,,Not Tested,,
,60,,,주크박스,"주크박스 아이콘 터치 시, 주크박스 메뉴 이동되는 것 확인",,,Not Tested,,
,61,,,,음원 재생 사운드 정상 출력 확인,,,Not Tested,,
,62,,,공지사항,"공지사항 아이콘 터치 시, 공지사항 페이지 웹뷰 노출 확인",,,Not Tested,,
,63,,,우편,우편 아이콘 터치시 우편함 메뉴 오픈 되는지 확인,,,Not Tested,,
,64,,,설정,"설정 아이콘 터치 시, 설정 메뉴 이동 확인",,,Not Tested,,
,65,,,,"그래픽 설정 변경 시, 변경한 설정 정상 적용 확인",,,Not Tested,,
,66,,,,"사운드 설정 변경 시, 변경한 설정 정상 적용 확인",,,Not Tested,,
,67,,,,"언어 설정 변경 시, 재실행 팝업창 출력됨 확인",,,Not Tested,,
,68,,,,"ㄴ확인시 클라이언트 재시작 되며, 해당 언어 음성 다운로드후에 음성 변경됨",,,Not Tested,,
,69,,,,"게임 재설치 선택시, 게임 재설치 안내 팝업 출력됨 확인",,,Not Tested,,
,70,,,,"ㄴ확인시 클라이언트 재시작 되며, 리소스 모두 다시 다운로드 진행후 정상 실행됨",,,Not Tested,,
,71,,영웅 > 영웅정보창,리스트,"보유 영웅, 펫이 리스트에 노출되는 것 확인",,,Not Tested,,
,72,,,정보,"리스트 내의 대상 선택 시, 영웅, 펫의 정보 노출 확인 
 ㄴ 등급
 ㄴ 명칭 (영웅명+별명)
 ㄴ 그래픽
 ㄴ 스킬
 ㄴ 장착 장비(영웅) 
 ㄴ 스탯",,,Not Tested,,
,73,,,,보유 영웅의 장비 변경 기능 작동여부 확인,,,Not Tested,,
,74,,,,ㄴ 자동 장착 기능 동작 여부 확인,,,Not Tested,,
,75,,,성장,성장 아이콘 터치 시 성장 세부메뉴 버튼 열리고 이동되는지 확인,,,Not Tested,,
,76,,,도감,도감 버튼 터치 시 도감 페이지로 이동되는지 확인 (선택한 영웅의 도감정보로 바로 이동),,,Not Tested,,
,77,,,일러스트,"일러스트 아이콘 터치 시, 보유 영웅 일러스트 열람 기능 작동여부 확인",,,Not Tested,,
,78,,,영웅통계,"영웅 통계 버튼 터치시 해당 영웅의 통계 팝업창이 출력 되는지 확인 
 - 희귀, 전설만 노출됨",,,Not Tested,,
,79,,,코스튬,"터치 시, 외형 변경 UI가 열림을 확인",,,Not Tested,,
,80,,,필터,"필터 조건 설정 시, 설정 조건에 맞게 영웅 목록 노출되는 것 확인",,,Not Tested,,
,81,,,사운드,배경음악 및 UI 터치 사운드 출력되는 것 확인,,,Not Tested,,
,82,,성장 > 영웅 성장,강화,강화 대상 영웅 등록하여 강화 시도 가능한 것 확인,,,Not Tested,,
,83,,,,강화 시도 시 사용한 재화 및 재료 영웅이 소모되는 것 확인,,,Not Tested,,
,84,,,,"강화 실패 시, 확률 보정이 적용되는지 확인",,,Not Tested,,
,85,,,진화,진화 대상 영웅 등록하여 진화 시도 가능한 것 확인,,,Not Tested,,
,86,,,,"진화 시도 시, 재료 영웅 및 재화 소모되는 것 확인",,,Not Tested,,
,87,,,,"진화 재료 변환(합성, 분해)이 가능한지 확인",,,Not Tested,,
,88,,,합성,합성 재료로 사용할 영웅이 슬롯에 모두 등록 시 합성 시도 가능한 것 확인,,,Not Tested,,
,89,,,,"합성 시도 시, 재화와 재료 영웅 소모되는 것 확인",,,Not Tested,,
,90,,,초월,초월 대상 영웅 등록하여 초월 시도 가능한 것 확인,,,Not Tested,,
,91,,,,"초월 시도 시, 재료 영웅 및 재화가 소모되는 것 확인",,,Not Tested,,
,92,,,스킬 강화,스킬 강화 대상 영웅 등록하여 스킬 강화 시도 가능한 것 확인,,,Not Tested,,
,93,,,,"강화 시도 시, 선택한 영웅의 해당 스킬이 강화 완료되는 것 확인",,,Not Tested,,
,94,,,궁극 강화,궁극 강화 대상 영웅 등록하여 강화 시도 가능한 것 확인,,,Not Tested,,
,95,,,,"궁극 강화 시도 시, 재료 영웅 및 재화가 소모되는 것 확인",,,Not Tested,,
,96,,,잠재 능력,잠재 능력 대상 영웅 등록 하여 잠재 능력 강화 시도가 가능한 것 확인,,,Not Tested,,
,97,,,,잠재 능력 강화 강화 시도 시 재화가 소모 되고 능력치가 상승 하는지 확인,,,Not Tested,,
,98,,,사운드,배경음악 및 UI 터치 사운드 출력되는 것 확인,,,Not Tested,,
,99,,성장 > 장비 성장,강화,강화 대상 장비 등록하여 강화 시도 가능한 것 확인,,,Not Tested,,
,100,,,,"강화 시도 시, 골드 재화 소모되는 것 확인",,,Not Tested,,
,101,,,,"강화 성공 시, 예상 결과와 동일한 수치만큼 장비 능력치 상승되는 것 확인",,,Not Tested,,
,102,,,,"강화 실패 시, 확률 보정이 적용되는지 확인",,,Not Tested,,
,103,,,세공,임의 옵션 세공 진행시 랜덤으로 임의 세공 옵션이 추가되는지 확인,,,Not Tested,,
,104,,,,고정 옵션 세공 진행시 재료로 선택한 장비의 옵션이 추가되는지 확인,,,Not Tested,,
,105,,,장비 제작,제작할 장비의 옵션 지정 화면이 노출되는 것 확인,,,Not Tested,,
,106,,,,ㄴ메인 옵션 선택 기능이 정상 동작 하는지 확인,,,Not Tested,,
,107,,,,"장비 제작 시, 지정한 설정과 동일한 아이템이 가방에 획득되는 것 확인",,,Not Tested,,
,108,,,장비 재구성,재분배 대상 아이템 선택이 가능한지 확인,,,Not Tested,,
,109,,,,"서브옵션 잠금이 가능한지 확인
-1개만 잠금 가능",,,Not Tested,,
,110,,,,"재분배 진행시 잠금된 옵션을 제외하고 재분배가 되는지 확인
-서브옵션 종류 및 강화단계 재분배",,,Not Tested,,
,111,,,,ㄴ옵션 선택시 선택한 옵션으로 장비의 옵션이 변경되는지 확인,,,Not Tested,,
,112,,,,"재분배 골드 및 재료가 소모 되는지 확인
-혼돈의정수2",,,Not Tested,,
,113,,,,초기화 대상 아이템 선택이 가능한지 확인,,,Not Tested,,
,114,,,,"초기화 진행시 강화된 옵션이 초기화가 진행 되는지 확인
-강화로 추가된 서브옵션 삭제 
-강화 단계 초기화",,,Not Tested,,
,115,,,,"초기화 골드 및 재료가 소모 되는지 확인
-망각의정수 1",,,Fail,,[Auto] Low confidence match - manual verification needed
,116,,,사운드,배경음악 및 UI 터치 사운드 출력되는 것 확인,,,Not Tested,,
,117,,성장 > 펫 성장,부화하기,펫 알 등록 및 부화 기능이 정상적으로 작동하는 것 확인,,,Not Tested,,
,118,,,부화 확률,"터치 시, 부화 확률에 대한 안내 팝업 출력되는 것 확인",,,Not Tested,,
,119,,,합성,펫 합성 기능이 정상적으로 작동하는 것 확인,,,Not Tested,,
,120,,,강화,강화 대상 펫 등록하여 강화 시도 가능한 것 확인,,,Not Tested,,
,121,,,,강화 시도 시 사용한 재화 및 재료 펫이 소모되는 것 확인,,,Not Tested,,
,122,,,,"강화 실패 시, 확률 보정이 적용되는지 확인",,,Not Tested,,
,123,,,진화,진화 대상 펫 등록하여 진화 시도 가능한 것 확인,,,Not Tested,,
,124,,,,"진화 시도 시, 재료 펫 및 재화 소모되는 것 확인",,,Not Tested,,
,125,,,친밀도,친밀도 올릴 펫 등록 및 친밀도 기능 작동여부 확인,,,Not Tested,,
,126,,,,기능이 정상적으로 작동하는 것 확인,,,Not Tested,,
,127,,,놓아주기,보유 펫 등록 및 놓아주기 기능 작동하는 것 확인,,,Not Tested,,
,128,,,,놓아주기 결과 보상이 정상적으로 획득되는 것 확인,,,Not Tested,,
,129,,,잠재능력,잠재능력 부여 대상 펫 등록 및 부여 기능 동작하는 것 확인,,,Not Tested,,
,130,,,,잠재능력 부여 기능이 정상적으로 작동하는 것 확인,,,Not Tested,,
,131,,,사운드,배경음악 및 UI 터치 사운드 출력되는 것 확인,,,Not Tested,,
,132,,공방 > 조합,영웅 조합,"메뉴 UI 구성 정상 노출여부 확인
 - 고정 조합/임의 조합 탭
 - 조합 리스트
 - 재료 등록 슬롯
 - 보유 영웅, 펫 리스트",,,Not Tested,,
,133,,,,고정 조합 대상 리스트 선택 및 조합 기능의 정상 작동여부 확인,,,Not Tested,,
,134,,,,임의 조합 대상 리스트 선택 및 조합 기능의 정상 작동여부 확인,,,Not Tested,,
,135,,,,조합 재료 소모 및 조합 결과물이 정상적으로 획득되는 것 확인,,,Not Tested,,
,136,,,펫 조합,"메뉴 UI 구성 정상 노출여부 확인
 - 고정 조합/임의 조합 탭
 - 조합 리스트
 - 재료 등록 슬롯
 - 보유 영웅, 펫 리스트",,,Not Tested,,
,137,,,,고정 조합 대상 리스트 선택 및 조합 기능의 정상 작동여부 확인,,,Not Tested,,
,138,,,,임의 조합 대상 리스트 선택 및 조합 기능의 정상 작동여부 확인,,,Not Tested,,
,139,,,,조합 재료 소모 및 조합 결과물이 정상적으로 획득되는 것 확인,,,Not Tested,,
,140,,,장신구 조합,"메뉴 UI 구성 정상 노출여부 확인
 - 고정 조합/임의 조합 탭
 - 조합 리스트
 - 재료 등록 슬롯
 - 보유 장신구 리스트",,,Not Tested,,
,141,,,,고정 조합 대상 리스트 선택 및 조합 기능의 정상 작동여부 확인,,,Not Tested,,
,142,,,,임의 조합 대상 리스트 선택 및 조합 기능의 정상 작동여부 확인,,,Not Tested,,
,143,,,,조합 재료 소모 및 조합 결과물이 정상적으로 획득되는 것 확인,,,Not Tested,,
,144,,,사운드,배경음악 및 UI 터치 사운드 출력되는 것 확인,,,Not Tested,,
,145,,공방 > 세나 체스,메뉴 진입,세나 체스 기간 중 메뉴 진입 가능여부 확인,,,Not Tested,,
,146,,,위시 지정,회차 최초 접속 시 위시 영웅 지정 메뉴 노출확인,,,Not Tested,,
,147,,,,위시 영웅 지정 후 체스판 메뉴 진입 가능해지는 것 확인,,,Not Tested,,
,148,,,,ㄴ 미지정 시 위시 영웅 지정할 때까지 체스판 메뉴 진입 불가 확인,,,Not Tested,,
,149,,,보상 획득,"체스판 네모칸 영역 터치 시, 재화 소모되며 확률에 따라 영웅 획득 확인",,,Not Tested,,
,150,,,,"ㄴ 확률 버튼 터치시 , 획득한 영웅 제외하고, 남은 획득 가능 영웅들에 대해 확률 표기되는 것 확인",,,Not Tested,,
,151,,,,위시 영웅 교체가 가능한지 확인,,,Not Tested,,
,152,,,,"위시 영웅 1회 획득 시, 해당 회차동안 추가로 위시영웅 획득 불가한 것 확인",,,Not Tested,,
,153,,,,뽑기 횟수를 특정 횟수 이상 달성 시 추가 보상 활성화되어 획득 가능한 것 확인,,,Not Tested,,
,154,,공방 > 멜키르의 실험실,메뉴 진입,멜키르의 실험실 아이콘 선택 시 콘텐츠 입장 확인,,,Not Tested,,
,155,,,재료 등록,"하단 영웅리스트 출력 확인
> 6성, 재료 영웅만 출력",,,Not Tested,,
,156,,,,재료 선택 시 화면 중앙 슬롯에 배치 되는지 확인,,,Not Tested,,
,157,,,,ㄴ등록된 등급에 따라서 점수 및 예측등급이 설정 되는지 확인,,,Not Tested,,
,158,,,,모두 등록되면 흑마법 예측 버튼이 활성화 되는지 확인,,,Not Tested,,
,159,,,흑마법 예측,버튼 터치 시 흑마법 예측이 진행되는지 확인,,,Not Tested,,
,160,,,,화면이 변경되며 예측된 영웅 포트레이트가 출력되는지 확인,,,Not Tested,,
,161,,,,영웅 포트레이트 선택 시 정보 팝업이 출력되는지 확인,,,Not Tested,,
,162,,,,"예측 다시하기 선택 시 취소 알림 팝업이 출력되고, 확인 시 예측이 다시 진행됨을 확인",,,Not Tested,,
,163,,,자동 예측,"자동 예측의 목표 설정이 현재 등급에 맞게 설정 가능한지 확인
-등급별로 예측 설정 저장",,,Not Tested,,
,164,,,,자동 예측 진행시 설정된 목표에 따라서 자동으로 예측이 멈추는지 확인,,,Not Tested,,
,165,,,실험,흑마법 실험 버튼 선택 시 주의 팝업이 출력되는지 확인,,,Not Tested,,
,166,,,,"확인 버튼 선택 시 등급에 맞는 이펙트가 출력되며, 영웅 획득 연출과 함께 영웅이 지급 되는지 확인
>영웅 획득 팝업 확인",,,Not Tested,,
,167,,,,"하단 영웅 점수 리스트 우측 예측 취소 버튼 확인
>버튼 선택 시 예측 취소 팝업이 출력되는지 확인
>확인 버튼 선택 시 예측이 취소됨을 확인",,,Not Tested,,
,168,,가방,무기,보유한 모든 '무기' 장비들이 목록에 노출되는 것 확인,,,Not Tested,,
,169,,,,필터 기능이 동작 하는지 확인,,,Not Tested,,
,170,,,,"임의의 무기 터치 시, 해당 장비에 대한 정보 화면이 hud 우측 영역에 노출되는 것 확인",,,Not Tested,,
,171,,,,판매 가능한 무기 아이템들이 목록 상에 노출되는 것 확인,,,Not Tested,,
,172,,,,"'판매' 모드에서 임의의 무기 선택 시, 해당 장비에 대한 정보 화면이 hud 우측 영역에 노출되는 것 확인",,,Not Tested,,
,173,,,,"판매 완료 시, 기대결과와 동일한 보상이 획득되는 것 확인",,,Not Tested,,
,174,,,방어구,보유한 모든 '방어구' 장비들이 목록에 노출되는 것 확인,,,Not Tested,,
,175,,,,필터 기능이 동작 하는지 확인,,,Not Tested,,
,176,,,,"임의의 방어구 터치 시, 해당 장비에 대한 정보 화면이 hud 우측 영역에 노출되는 것 확인",,,Not Tested,,
,177,,,,판매 가능한 방어구 아이템들이 목록 상에 노출되는 것 확인,,,Not Tested,,
,178,,,,"'판매' 모드에서 임의의 방어구 선택 시, 해당 장비에 대한 정보 화면이 hud 우측 영역에 노출되는 것 확인",,,Not Tested,,
,179,,,,"판매 완료 시, 기대결과와 동일한 보상이 획득되는 것 확인",,,Not Tested,,
,180,,,장신구,보유한 모든 '장신구' 장비들이 목록에 노출되는 것 확인,,,Not Tested,,
,181,,,,필터 기능이 동작 하는지 확인,,,Not Tested,,
,182,,,,"임의의 장신구 터치 시, 해당 장비에 대한 정보 화면이 hud 우측 영역에 노출되는 것 확인",,,Not Tested,,
,183,,,,판매 가능한 장신구 아이템들이 목록 상에 노출되는 것 확인,,,Not Tested,,
,184,,,,"'판매' 모드에서 임의의 장신구 선택 시, 해당 장비에 대한 정보 화면이 hud 우측 영역에 노출되는 것 확인",,,Not Tested,,
,185,,,,"판매 완료 시, 기대결과와 동일한 보상이 획득되는 것 확인",,,Not Tested,,
,186,,,소모품,보유한 모든 '소모품' 아이템들이 목록에 노출되는 것 확인,,,Not Tested,,
,187,,,,"임의의 소모품 터치 시, 해당 아이템에 대한 정보 화면이 hud 우측 영역에 노출되고 사용 가능한지 확인",,,Not Tested,,
,188,,,재료,보유한 모든 '재료' 아이템들이 목록에 노출되는 것 확인,,,Not Tested,,
,189,,,,"임의의 재료 아이템 터치 시, 해당 아이템에 대한 정보 화면이 hud 우측 영역에 노출되는 것 확인",,,Not Tested,,
,190,,,착용 현황,"장비를 장착한 영웅과, 해당 영웅이 장착한 장비 전반이 함께 노출되는 것 확인",,,Not Tested,,
,191,,,사운드,배경음악 및 UI 터치 사운드 출력되는 것 확인,,,Not Tested,,
,192,,창고,성장 영웅,성장 영웅들이 목록에 노출되는 것 확인,,,Not Tested,,
,193,,,,필터 기능이 동작 하는지 확인,,,Not Tested,,
,194,,,,"개별 선택, 모두 선택시 선택된 영웅이 가방 <> 창고 로 서로 이동 되는지 확인",,,Not Tested,,
,195,,,,보관함으로 이동된 영웅은 영웅정보 > 영웅 리스트에서 제거 되는지 확인(복사관련),,,Not Tested,,
,196,,,비성장 영웅,비성장 영웅들이 목록에 노출되는 것 확인,,,Not Tested,,
,197,,,,필터 기능이 동작 하는지 확인,,,Not Tested,,
,198,,,,"개별 선택, 모두 선택시 선택된 영웅이 가방 <> 창고 로 서로 이동 되는지 확인",,,Not Tested,,
,199,,,,스택된 영웅을 선택하여 개수 나눔으로 가방 <> 창고 로 서로 이동 되는지 확인,,,Not Tested,,
,200,,,,보관함으로 이동된 영웅은 영웅정보 > 영웅 리스트에서 제거 되는지 확인(복사관련),,,Not Tested,,
,201,,,성장 펫,성장 펫들이 목록에 노출되는 것 확인,,,Not Tested,,
,202,,,,필터 기능이 동작 하는지 확인,,,Not Tested,,
,203,,,,"개별 선택, 모두 선택시 선택된 영웅이 가방 <> 창고 로 서로 이동 되는지 확인",,,Not Tested,,
,204,,,,보관함으로 이동된 펫은 영웅정보 > 펫 리스트에서 제거 되는지 확인(복사관련),,,Not Tested,,
,205,,,비성장 펫,비성장 펫들이 목록에 노출되는 것 확인,,,Not Tested,,
,206,,,,필터 기능이 동작 하는지 확인,,,Not Tested,,
,207,,,,"개별 선택, 모두 선택시 선택된 영웅이 가방 <> 창고 로 서로 이동 되는지 확인",,,Not Tested,,
,208,,,,스택된 영웅을 선택하여 개수 나눔으로 가방 <> 창고 로 서로 이동 되는지 확인,,,Not Tested,,
,209,,,,보관함으로 이동된 펫은 영웅정보 > 펫 리스트에서 제거 되는지 확인(복사관련),,,Not Tested,,
,210,,,보관함,"성장영웅, 비성장영웅, 성장펫, 비성장펫이 각각 보관함으로 잘 이동되는지 확인",,,Not Tested,,
,211,,,,"보관함에 보관중인 성장영웅, 비성장영웅, 성장펫, 비성장펫을 가방을 꺼낼 수 있음을 확인",,,Not Tested,,
,212,,,,"대상이 선택된 상태에서, 중앙 HUD의 '확인' 버튼터치 시 선택된 대상이 원래 분류 영역으로 이동되는 것 확인",,,Not Tested,,
,213,,,사운드,배경음악 및 UI 터치 사운드 출력되는 것 확인,,,Not Tested,,
,214,,의상실,의상실,의상실 메뉴 진입 및 UI 출력 확인,,,Not Tested,,
,215,,,,코스튬 선택하여 코스튬 화면 출력 확인,,,Not Tested,,
,216,,,,코스튬 구매 및 획득 코스튬의 일러스트 출력 확인,,,Not Tested,,
,217,,,,일러스트 화면 출력 및 일러스트 기능 확인,,,Not Tested,,
,218,,,,"스킬 미리보기 기능 확인 
-선택한 코스튬으로 스킬이 정상적으로 사용됨",,,Not Tested,,
,219,,,코스튬,코스튬 장착 확인,,,Not Tested,,
,220,,,,"영웅 출력 포트레이트에 장착한 코스튬의 일러스트가 출력되는지 확인
-영웅 목록의 아이콘 및 포트레이트 등",,,Not Tested,,
,221,,,,"영웅 출력 3D 모델링에 장착한 코스튬의 모델링이 출력 되는지 확인
-팀 편성 화면 및 영웅 정보창",,,Not Tested,,
,222,,,,영웅 사용시 전투에서 장착한 코스튬이 출력 되는지 확인,,,Not Tested,,
,223,,연습 전투,내방어팀,연습 전투에 입장 되는지 확인,,,Not Tested,,
,224,,,,내 방어팀의 아군 설정이 되는지 확인,,,Not Tested,,
,225,,,,"적군 설정이 되는지 확인 
-아군 적군에 동일 영웅 배치 가능함",,,Not Tested,,
,226,,,,"전투가 시작되는지 확인 
-설정한 영웅으로 전투가 진행됨",,,Not Tested,,
,227,,,길드원 방어팀,길드원 방어팀 탭 선택시 길드원 방어팀 설정 UI 로 변경 되는지 확인,,,Not Tested,,
,228,,,,내 방어팀의 아군 설정이 되는지 확인,,,Not Tested,,
,229,,,,적군 방어팀에 길드원 방어팀을 불러오는지 확인,,,Not Tested,,
,230,,,,"전투가 시작되는지 확인 
-설정한 영웅으로 전투가 진행됨",,,Not Tested,,
,231,,전시관,전시관,전시관에 입장 되는지 확인,,,Not Tested,,
,232,,,,전시관의 트로피가 출력되고 터치시 정보 팝업이 출력 되는지 확인,,,Not Tested,,
,233,,,,트로피 보상이 노출되고 터치시 보상을 획득 하는지 확인,,,Not Tested,,
,234,,도감,영웅 도감,아이콘에 현재 획득 메달 갯수 노출 확인,,,Not Tested,,
,235,,,,터치 시 영웅 도감 메뉴로 이동되는 것 확인,,,Not Tested,,
,236,,,,각 영웅 최초 획득 시 루비 보상 활성화 및 획득 확인,,,Not Tested,,
,237,,,,영웅 찾기 기능이 정상 동작하는지 확인,,,Not Tested,,
,238,,,,"영웅 선택시 영웅 정보가 정상 출력 되는지 확인 
-개요, 능력치, 초월, 프로필, 스토리",,,Not Tested,,
,239,,,펫 도감,아이콘에 현재 획득 메달 갯수 노출 확인,,,Not Tested,,
,240,,,,터치 시 펫 도감 메뉴로 이동되는 것 확인,,,Not Tested,,
,241,,,,각 펫 최초 획득 시 루비 보상 활성화 및 획득 확인,,,Not Tested,,
,242,,,,"펫 선택시 펫 정보가 정상 출력 되는지 확인 
-개요, 성장 효과",,,Not Tested,,
,243,,,장비 도감,아이콘에 현재 획득 메달 갯수 노출 확인,,,Not Tested,,
,244,,,,터치 시 장비 도감 메뉴로 이동되는 것 확인,,,Not Tested,,
,245,,,,각 장비 아이템 최초 획득 시 루비 보상 활성화 및 획득 확인,,,Not Tested,,
,246,,,,장비 터치시 장비 정보 툴팁이 출력 되는지 확인,,,Not Tested,,
,247,,,기록 열람(모험),터치 시 기록 열람 메뉴로 이동되는 것 확인,,,Not Tested,,
,248,,,,스토리 탭에서 스토리 재생되는 것을 확인,,,Not Tested,,
,249,,,,시네마틱 탭에서 시네마틱 재생되는 것을 확인,,,Not Tested,,
,250,,,,인게임 컷신 탭에서 컷신 재생되는 것을 확인,,,Not Tested,,
,251,,,,일러스트 탭에서 일러스트 보기 기능 확인,,,Not Tested,,
,252,,,기록 열람(시나리오 이벤트),터치 시 기록 열람 메뉴로 이동되는 것 확인,,,Not Tested,,
,253,,,,스토리 탭에서 스토리 재생되는 것 확인,,,Not Tested,,
,254,,,,인게임 컷신 탭에서 컷신 재생되는 것을 확인,,,Not Tested,,
,255,,,,일러스트 탭에서 일러스트 보기 기능 확인,,,Not Tested,,
,256,,,공통,"미보유 영웅, 펫, 장비, 기록은 딤드처리되어 표시됨을 확인",,,Not Tested,,
,257,,,사운드,배경음악 및 UI 터치 사운드 출력되는 것 확인,,,Not Tested,,
,258,,의뢰,일일 의뢰,"의뢰 '바로가기' 기능 사용 시, 지정 콘텐츠 메뉴로 이동되는 것 확인",,,Not Tested,,
,259,,,,"일일 의뢰 목록의 조건 달성 시, 해당 항목이 완료 처리되는 것 확인",,,Not Tested,,
,260,,,,의뢰 항목 완료 시 일일의뢰 포인트 획득되는 것 확인,,,Not Tested,,
,261,,,반복 의뢰,"의뢰 '바로가기' 기능 사용 시, 지정 콘텐츠 메뉴로 이동되는 것 확인",,,Not Tested,,
,262,,,,"반복 의뢰 목록의 조건 달성 시, 해당 항목이 완료 처리되는 것 확인",,,Not Tested,,
,263,,,,"의뢰 달성해도, 해당 의뢰이 제거되지 않는 것 확인",,,Not Tested,,
,264,,,,"의뢰 항목 완료 시, 지정된 보상 획득되는 것 확인",,,Not Tested,,
,265,,,사운드,배경음악 및 UI 터치 사운드 출력되는 것 확인,,,Not Tested,,
,266,,소환 상점,소환 메뉴,소환 메뉴 입장되는 것 확인,,,Not Tested,,
,267,,,"모험가 영웅 소환
(100회 한정)","'확률' 버튼 터치 시, 소환 시 각 영웅 별 등장 확률 기재된 팝업 노출되는 것 확인",,,Not Tested,,
,268,,,,영웅 1회 소환 기능 정상 정상 작동 및 확정 소환 횟수가 1만큼 증가하는 것 확인,,,Not Tested,,
,269,,,,영웅 10회 소환 기능 정상 정상 및 확정 소환 횟수가 10만큼 증가하는 것 확인,,,Not Tested,,
,270,,,위시 소환,"'확률' 버튼 터치 시, 소환 시 각 영웅 별 등장 확률 기재된 팝업 노출되는 것 확인",,,Not Tested,,
,271,,,,위시 리스트 팝업창 출력 및 위시 리스트 선택 기능 동작 확인,,,Not Tested,,
,272,,,,영웅 1회 소환 기능 정상 정상 작동 및 확정 소환 횟수가 1만큼 증가하는 것 확인,,,Not Tested,,
,273,,,,영웅 10회 소환 기능 정상 정상 및 확정 소환 횟수가 10만큼 증가하는 것 확인,,,Not Tested,,
,274,,,,반천장/천장 기능 동작 확인,,,Not Tested,,
,275,,,픽업 소환,"'확률' 버튼 터치 시, 소환 시 각 영웅 별 등장 확률 기재된 팝업 노출되는 것 확인",,,Not Tested,,
,276,,,,픽업 소환 영상 및 스파인 출력 확인,,,Not Tested,,
,277,,,,영웅 1회 소환 기능 정상 정상 작동 및 확정 소환 횟수가 1만큼 증가하는 것 확인,,,Not Tested,,
,278,,,,영웅 10회 소환 기능 정상 정상 및 확정 소환 횟수가 10만큼 증가하는 것 확인,,,Not Tested,,
,279,,,,반천장/천장 기능 동작 확인,,,Not Tested,,
,280,,,펫 소환,"'확률' 버튼 터치 시, 소환 시 각 펫 별 등장 확률 기재된 팝업 노출되는 것 확인",,,Not Tested,,
,281,,,,펫 1회 소환 기능 정상 및 확정 소환 횟수가 1만큼 증가하는 것 확인,,,Not Tested,,
,282,,,,펫 10회 소환 기능 정상 및 확정 소환 횟수가 10만큼 증가하는 것 확인,,,Not Tested,,
,283,,,,반천장/천장 기능 동작 확인,,,Not Tested,,
,284,,,사운드,배경음악 및 UI 터치 사운드 출력되는 것 확인,,,Not Tested,,
,285,,코스튬 뽑기,메뉴 진입,"중앙 메인 HUD 좌측의 ""코스튬 뽑기"" 버튼 터치하여 메뉴 입장되는 것 확인",,,Not Tested,,
,286,,,뽑기,"'확률' 버튼 터치 시, 코스튬 뽑기 확률 정보 창이 팝업되는 것 확인",,,Not Tested,,
,287,,,,일러스트 버튼 터치 시 해당 코스튬과 연결된 일러스트 화면으로 이동되는 것 확인,,,Not Tested,,
,288,,,,스킬 미리보기 버튼 터치 시 해당 코스튬과 연결된 스킬 미리보기 화면으로 이동되는 것 확인,,,Not Tested,,
,289,,,,"뽑기 버튼 터치 시, 재화를 소모하며 코스튬 뽑기 결과까지 연출이 진행되는 것 확인
 - 최초 뽑기일 경우 재화 비용 무료",,,Not Tested,,
,290,,,,획득한 코스튬은 해당 코스튬을 착용 가능한 영웅의 코스튬 메뉴에 노출되는 것 확인,,,Not Tested,,
,291,,,,1회 뽑기 진행 후 다음 뽑기 진행 시 뽑기 가격이 변동되는 것 확인,,,Not Tested,,
,292,,,,보유 재화량이 뽑기 가격 미만이면 뽑기 불가능한 것 확인,,,Not Tested,,
,293,,,,천장 기능 동작 확인,,,Not Tested,,
,294,,상점,상점,상점 메뉴 입장되는 것 확인,,,Not Tested,,
,295,,,,"상품 구매 시, 정상적으로 상품이 가방에 획득되는 것 확인",,,Not Tested,,
,296,,,,보유 재화량이 상품 가격 미만이면 상품 구매 불가능한 것 확인,,,Not Tested,,
,297,,,,일괄구매 설정 및 구매가 가능한지 확인,,,Not Tested,,
,298,,,사운드,배경음악 및 UI 터치 사운드 출력되는 것 확인,,,Not Tested,,
,299,,웹상점,웹상점,웹상점에 진입되는 것 확인,,,Not Tested,,
,300,,이벤트 시스템(페이지),화면,중앙 메인 HUD 좌측의 '이벤트' 버튼 터치하여 메뉴 입장되는 것 확인,,,Not Tested,,
,301,,,사운드,배경음악 및 UI 터치 사운드 출력되는 것 확인,,,Not Tested,,
,302,,시나리오 이벤트,이벤트,이벤트 진입시 오프닝 씬 출력 및 이벤트 페이지 정상 출력 확인,,,Not Tested,,
,303,,,,"스테이지 진행 확인 
-대화 및 이벤트씬, 전투 진행",,,Not Tested,,
,304,,,,도전 스테이지 전투 진행 및 반복전투 진행 확인,,,Not Tested,,
,305,,,이벤트 상점,이벤트 상점 진입 및 상품 구매 확인,,,Not Tested,,
,306,,프리셋,일반덱,프리셋 버튼이 좌하단에 출력되는지 확인,,,Not Tested,,
,307,,,멀티덱,프리셋 버튼이 각 덱정보영역 하단에 각각 출력 되는지 확인,,,Not Tested,,
,308,,,프리셋,프리셋 버튼 터치시 프리셋 팝업창이 출력되고 프리셋 목록이 출력 되는지 확인,,,Not Tested,,
,309,,,,"ㄴ설정된 프리셋 목록 및 정보가 정상 출력 되는지 확인 
 - 이름 
 - 속공정보 
 - 영웅정보 
 - 펫 정보
 - 스킬 사정 예약",,,Not Tested,,
,310,,,,디폴트 프리셋에서는 삭제 및 사용 버튼이 비활성화 되어 있는지 확인,,,Not Tested,,
,311,,,,"프리셋 목록의 영웅 및 펫, 스킬예약 버튼 터치시 각 정보가 정상 출력 되는지 확인",,,Not Tested,,
,312,,,,[삭제]설정된 프리셋 삭제 터치시 해당 프리셋이 디폴트 프리셋으로 변경 되는지 확인,,,Not Tested,,
,313,,,,[사용]설정된 프리셋 사용시 해당 프리셋 정보가 덱에 복사되어 반영 되는지 확인,,,Not Tested,,
,314,,,,[덮어쓰기]덮어쓰기 시 덱에 있는 정보가 프리셋으로 복사되는지 확인,,,Not Tested,,
,315,,,,[편집]편집 버튼 터치시 덱 편집창이 오픈되는지 확인,,,Not Tested,,
,316,,,,[편집]프리셋 팀 편집 기능이 정상 동작 하는지 확인,,,Not Tested,,
,317,,,,[편집]프리셋 저장시 변경한 내용이 프리셋에 정상 저장 되는지 확인,,,Not Tested,,
,318,,장비관리,장비프리셋,장비 프리셋이 저장 되는지 확인,,,Not Tested,,
,319,,,,장비 프리셋 선택시 선택한 프리셋의 장비가 임시 착용 되는지 확인,,,Not Tested,,
,320,,,,장비 프리셋 목록 편집이 가능한지 확인,,,Not Tested,,
,321,,,컨텐츠별 장비저장,"컨텐츠 선택시 저장된 컨텐츠의 장비 설정으로 변경 되는지 확인
-공통 
-길드전 공격덱 
-길드전 방어덱 
-총력전",,,Not Tested,,
,322,,,,컨텐츠별 장비를 서로 각각 다르게 저장 가능한지 확인,,,Not Tested,,
,323,,,,컨텐츠에서 영웅 설정 확인시 설정된 장비를 착용하고 있는지 확인,,,Not Tested,,
,324,,길드,길드 메뉴 언락,길드 메뉴 미해금 시 길드 메뉴 입장 불가 확인,,,Not Tested,,
,325,,,길드 창설,길드 조건 설정 및 창설 기능 작동하는 것 확인,,,Not Tested,,
,326,,,길드 검색,길드 검색 기능 동작 확인,,,Not Tested,,
,327,,,길드 가입,자유 가입 길드 가입 기능 동작 확인,,,Not Tested,,
,328,,,,"승인 가입으로 설정된 길드는, 길드 관리자가 승인해줘야만 길드 가입되는 것 확인",,,Not Tested,,
,329,,,길드 정보,가입한 길드의 정보 메뉴 노출 및 기능 정상 작동하는 것 확인,,,Not Tested,,
,330,,,길드 임무,길드 임무의 길드 진행도보상 / 일일 미션 / 주간 미션 정보 정상 출력 확인,,,Not Tested,,
,331,,,길드원 목록,"길드원 정보 정상 출력 확인
ㄴ공성전 진행 상황 표시 
ㄴ길드전 진행 상황 표시",,,Not Tested,,
,332,,,,길드원 가입 신청 목록 출력 및 승인/거절 정상 동작 하는지 확인,,,Not Tested,,
,333,,,,길드 홍보 기능 동작 확인,,,Not Tested,,
,334,,,사운드,배경음악 및 UI 터치 사운드 출력되는 것 확인,,,Not Tested,,
,335,,길드전,길드전 참여,방어팀 구축 이전에 7레벨 이상 길드에 가입 되어 있는 계정만 참여 가능,,,Not Tested,,
,336,,,스케줄-방어팀 구축,"방어팀 구축 진행 확인 
-전장 입장하여 아군 방어팀 > 나의 방어팀으로 진입",,,Not Tested,,
,337,,,스케줄-방어팀 배치,"방이팀 배치 기능 확인 
-관리자만 배치 가능",,,Not Tested,,
,338,,,스케줄-매칭,매칭 조건에 맞는 길드끼리 매칭 되는지 확인,,,Not Tested,,
,339,,,스케줄-전투,전장에 진입하여 방어팀을 선택하여 전투가 진행 되는지 확인,,,Not Tested,,
,340,,,,방어벽을 선택하여 공격횟수 차감 및 포인트 확인 하는지 확인,,,Not Tested,,
,341,,,,"덱 편성 및 적군 편성대로 전투가 정상 진행 되는지 확인
-진형정보 및 배치",,,Not Tested,,
,342,,,,"리플레이 기능 동작 확인 
-공격 및 방어 리플레이 
-방어벽은 리플레이 없음",,,Not Tested,,
,343,,,,외성 > 내성 > 본성 진입 확인,,,Not Tested,,
,344,,,스케줄-정산,"정산 스케줄에 정산 진행 되는지 확인 
-서버 동작으로 전장 진입 불가 말고는 확인 가능한 항목 없음",,,Not Tested,,
,345,,,,"정산 종료시 라운드 승무패 보상, 시즌 보상이 지급되는지 확인",,,Not Tested,,
,346,,,,"정산 종료시 공격횟수, 1승보상, 라운드 점수 정보 초기화 확인",,,Not Tested,,
,347,,,,정산 종료시 라운드 정보 갱신 및 시즌 정보 갱신 확인,,,Not Tested,,
,348,,공성전,공성전,길드 메뉴에서 공성전 메뉴 입장 확인,,,Not Tested,,
,349,,,,공성전 화면 오픈 및 7개의 성 정보 출력 확인,,,Not Tested,,
,350,,,,성 정보 화면 출력 확인 및 UI 정상 출력되는지 확인,,,Not Tested,,
,351,,,,"길드 점수 및 개인 점수, 등급 표시 출력되는지 확인",,,Not Tested,,
,352,,,,"랭킹 정보 출력 확인 
-길드원 랭킹, 개인 랭킹, 길드 랭킹, 직전길드랭킹",,,Not Tested,,
,353,,,,"공성전 전투 진행 확인 
-3단계 적 등장, 보스 등장",,,Not Tested,,
,354,,,,공성전 전투에서 적군 1인/5인 피해감소 모듈이 정상 동작 하는지 확인,,,Not Tested,,
,355,,,,공성전 전투 종료 후 점수 누적 확인,,,Not Tested,,
,356,,,,전투 종료 후 전투 통계가 출력되는 것 확인,,,Not Tested,,
,357,,PVE 컨텐츠,모험-지역정보,메뉴 입장 시 최종 플레이 했던 지역 맵이 오픈되는지 확인,,,Not Tested,,
,358,,,,현재 입장 가능한 스테이지에 반짝임 이펙트 노출되는 것 확인,,,Not Tested,,
,359,,,,현재 입장 불가능한 스테이지는 딤드 처리 및 자물쇠 아이콘 노출되는 것 확인,,,Not Tested,,
,360,,,,"화면 좌측 하단에, 현재 지역의 달성도 표시 버튼 노출되는 것 확인",,,Not Tested,,
,361,,,,ㄴ[악몽] 악몽 난이도 월드맵에서 전설 액세서리 드랍 확정 천장 UI 가 정상 노출 되는지 확인,,,Not Tested,,
,362,,,,지역맵에서 뒤로가기시 월드맵이 오픈되는지 확인,,,Not Tested,,
,363,,,모험-월드맵,월드맵 페이지 정상 노출되는 것 확인,,,Not Tested,,
,364,,,,월드맵 하단에 맵 페이지 전환 버튼 터치시 맵 페이지가 전환 되는지 확인,,,Not Tested,,
,365,,,,월드맵 좌측에 대륙 전환 버튼 터치시 대륙이 전환 되는지 확인,,,Not Tested,,
,366,,,,월드맵 상단에 일반/악몽 버튼 터치시 일반/악몽 난이도 조절이 되는지 확인,,,Not Tested,,
,367,,,,ㄴ선택한 난이도에 따라서 지역 진행도가 정상 갱신 되는지 확인,,,Not Tested,,
,368,,,모험-일반,"입장 가능한 스테이지 터치 시, 팀 편성 메뉴로 이동되는 것 확인",,,Not Tested,,
,369,,,,"ㄴ 공략 버튼 터치 시 , 현재 스테이지에 등장하는 몬스터 및 보상 정보 팝업 노출되는 것 확인",,,Not Tested,,
,370,,,,"모험 팀, 쫄작 팀 터치 시 팀 변경 가능한지 확인",,,Not Tested,,
,371,,,,[모험팀]반복전투 버튼이 딤드 처리 되어 있고 터치 불가능한지 확인,,,Not Tested,,
,372,,,,"[쫄작팀]반복전투 터치 시, 반복전투 설정 팝업 노출되는 것 확인",,,Not Tested,,
,373,,,,"ㄴ 반복전투 설정창의 설정이 정상 동작 하는지 확인 
 - 영웅 자동 교체 
 - 스킬 우선순위 
 - 장비 자동판매",,,Not Tested,,
,374,,,,ㄴ 반복전투 시작후 설정한 내용이 정상 반영되어 진행 되는지 확인,,,Not Tested,,
,375,,,,"팀 편성 완료 후 입장 버튼 터치 시, 입장 재화 소모되며 전투 시작되는 것 확인",,,Not Tested,,
,376,,,,ㄴ 팀 편성 완료 후 장비 장착하지 않은 영웅에게 장비 미장착 알림 노출 확인,,,Not Tested,,
,377,,,,"전투 승리 시, 해당 스테이지에 지정된 임의의 보상 획득되는 것 확인",,,Not Tested,,
,378,,,,"전투 패배 시, 보상 획득되지 않고 소모한 입장재화의 일부 반환받는 것 확인",,,Not Tested,,
,379,,,,배경음악 및 배경음악 및 UI 터치 사운드 출력되는 것 확인,,,Not Tested,,
,380,,,,전투 종료 후 전투 통계가 출력되는 것 확인,,,Not Tested,,
,381,,,,전투 중 사운드 정상 출력 확인,,,Not Tested,,
,382,,,모험-악몽,악몽난이도 스테이지 입장시 악몽 스테이지 팀편성 화면으로 이동 되는 것 확인,,,Not Tested,,
,383,,,,악몽 멀티덱 편집 및 구성 기능 동작 확인,,,Not Tested,,
,384,,,,"ㄴ 공략 버튼 터치 시 , 현재 스테이지에 등장하는 몬스터 및 보상 정보 팝업 노출되는 것 확인",,,Not Tested,,
,385,,,,"모험 팀, 쫄작 팀 터치 시 팀 변경 가능한지 확인",,,Not Tested,,
,386,,,,[모험팀]반복전투 버튼이 딤드 처리 되어 있고 터치 불가능한지 확인,,,Not Tested,,
,387,,,,"[쫄작팀]반복전투 터치 시, 반복전투 설정 팝업 노출되는 것 확인",,,Not Tested,,
,388,,,,"ㄴ 반복전투 설정창의 설정이 정상 동작 하는지 확인 
 - 영웅 자동 교체 
 - 스킬 우선순위 
 - 장비 자동판매",,,Not Tested,,
,389,,,,ㄴ 반복전투 시작후 설정한 내용이 정상 반영되어 진행 되는지 확인,,,Not Tested,,
,390,,,,"팀 편성 완료 후 입장 버튼 터치 시, 입장 재화 소모되며 전투 시작되는 것 확인",,,Not Tested,,
,391,,,,ㄴ 팀 편성 완료 후 장비 장착하지 않은 영웅에게 장비 미장착 알림 노출 확인,,,Not Tested,,
,392,,,,"전투 승리 시, 해당 스테이지에 지정된 임의의 보상 획득되는 것 확인",,,Not Tested,,
,393,,,,"전투 패배 시, 보상 획득되지 않고 소모한 입장재화의 일부 반환받는 것 확인",,,Not Tested,,
,394,,,,"ㄴ악몽 난이도 스테이지 전투 확인
 * 결과화면 및 보상 획득 확인",,,Not Tested,,
,395,,,,ㄴ패배새 진짜 강해지기 정보가 정상 출력 되는지 확인,,,Not Tested,,
,396,,,,배경음악 및 배경음악 및 UI 터치 사운드 출력되는 것 확인,,,Not Tested,,
,397,,,,전투 종료 후 전투 통계가 출력되는 것 확인,,,Not Tested,,
,398,,,,전투 중 사운드 정상 출력 확인,,,Not Tested,,
,399,,,성장던전,"메뉴 입장 시, 현재 존재하는 성장던전 목록 노출되는 것 확인
 - 불의 원소 던전 / 물의 원소 던전 / 땅의 원소 던전 / 빛의 원소 던전 / 암흑의 원소 던전 / 골드 던전",,,Not Tested,,
,400,,,,난이도 선택 UI 노출되고 변경 시 보상도 같이 변경됨을 확인,,,Not Tested,,
,401,,,,"공략 버튼 터치 시, 현재 선택한 성장던전의 몬스터 정보 팝업이 노출되는 것 확인",,,Not Tested,,
,402,,,,"'입장' 버튼 터치 시, 해당 성장던전의 팀편성 메뉴로 이동되는 것 확인",,,Not Tested,,
,403,,,,"덱 세팅 후 입장 버튼 터치 시, 지정된 갯수만큼 티켓 및 열쇠 소모되는 것 확인",,,Not Tested,,
,404,,,,"전투 승리 후, 지정된 기대보상 목록의 보상 획득되는 것 확인",,,Not Tested,,
,405,,,,"전투 실패하거나 포기 시, 입장재화가 일부 반환되고 보상 획득되지 않는 것 확인",,,Not Tested,,
,406,,,,배경음악 및 배경음악 및 UI 터치 사운드 출력되는 것 확인,,,Not Tested,,
,407,,,,전투 중 영웅 및 몬스터 대사 사운드 출력되는 것 확인,,,Not Tested,,
,408,,,,전투 종료 후 전투 통계가 출력되는 것 확인,,,Not Tested,,
,409,,,레이드,"메뉴 입장 시, 현재 존재하는 레이드 목록 노출되는 것 확인
- 파멸의 눈동자 / 우마왕 / 강철의 포식자",,,Not Tested,,
,410,,,,난이도 선택 UI 노출되는 것 확인,,,Not Tested,,
,411,,,,"레이드 정보 버튼 터치 시, 현재 선택한 레이드의 몬스터 정보 팝업이 노출되는 것 확인",,,Not Tested,,
,412,,,,"'입장'버튼 터치 시, 해당 레이드의 팀 편성 메뉴로 이동되는 것 확인",,,Not Tested,,
,413,,,,"덱 세팅 후 입장 버튼 터치 시, 지정된 재화 소모되는 것 확인",,,Not Tested,,
,414,,,,레이드 입장 및 클리어가 정상적으로 기능하는 것 확인,,,Not Tested,,
,415,,,,"전투 승리 후, 지정된 기대보상과 동일한 보상 획득되는 것 확인",,,Not Tested,,
,416,,,,"전투 실패하거나 포기 시, 입장재화가 일부 반환되고 보상 획득되지 않는 것 확인",,,Not Tested,,
,417,,,,배경음악 및 UI 터치 사운드 출력되는 것 확인,,,Not Tested,,
,418,,,,전투 중 사운드 정상 출력 확인,,,Not Tested,,
,419,,,,전투 종료 후 전투 통계가 출력되는 것 확인,,,Not Tested,,
,420,,,무한의 탑,메뉴 입장 시 세로 스크롤로 층 목록 노출되는 것 확인,,,Not Tested,,
,421,,,,층 선택 시 해당 층 정보 노출되는 것 확인,,,Not Tested,,
,422,,,,"'입장' 버튼 터치 시, 팀 편성 메뉴로 이동되는 것 확인",,,Not Tested,,
,423,,,,"덱 세팅 후 입장 버튼 터치 시, 해당 층 입장되는 것 확인",,,Not Tested,,
,424,,,,"전투 승리 후, 지정된 기대보상과 동일한 보상 획득되는 것 확인",,,Not Tested,,
,425,,,,"전투 실패하거나 포기 시, 보상 획득되지 않는 것 확인",,,Not Tested,,
,426,,,,배경음악 및 배경음악 및 UI 터치 사운드 출력되는 것 확인,,,Not Tested,,
,427,,,,전투 중 사운드 정상 출력 확인,,,Not Tested,,
,428,,,,전투 종료 후 전투 통계가 출력되는 것 확인,,,Not Tested,,
,429,,,시련의탑,"시련의 탑 메뉴 입장 확인 
 - 로비 -> 시련의탑 
 - 무한의탑 -> 시련의탑",,,Not Tested,,
,430,,,,"시련의탑 UI 화면 출력 확인 
-층 목록 스크롤 
-층 정보창 
-보상 팝업창",,,Not Tested,,
,431,,,,"달성 메달 설정 기능 동작 확인
-아군 버프 선택시 메달 차감 
-적군 버프 선택시 메달 증가",,,Not Tested,,
,432,,,,클리어 정보 출력 및 선택한 팀 복사 기능 동작 확인,,,Not Tested,,
,433,,,,전투 진행시 적군의 모듈 동작 확인,,,Not Tested,,
,434,,,,전투 진행시 설정한 메달 버프/디버프 부여 확인,,,Not Tested,,
,435,,,,클리어시 보상 획득 및 클리어 정보 저장 확인,,,Not Tested,,
,436,,,,전투 종료 후 전투 통계가 출력되는 것 확인,,,Not Tested,,
,437,,PVP 컨텐츠,결투장,"결투장 메뉴 입장 시, 유저 티어 및 점수, 결투 이력 정보가 정상적으로 노출되는 것 확인",,,Not Tested,,
,438,,,,"결투장 상점 버튼 터치 시, 결투장 상점 메뉴로 이동되는 것 확인",,,Not Tested,,
,439,,,,"결투장 보상 버튼 터치 시, 티어 별 수령 가능 보상 내역 팝업이 정상적으로 노출되는 것 확인",,,Not Tested,,
,440,,,,랭킹 UI 정상 노출 확인,,,Not Tested,,
,441,,,,랭킹에 등록된 유저의 닉네임/티어/점수/프로필/사용되었던 덱 정보가 정상적으로 노출되는 것 확인,,,Not Tested,,
,442,,,,"전투기록 버튼 터치 시, 유저의 공격/방어 결투 이력 팝업 노출되는 것 확인",,,Not Tested,,
,443,,,,전투기록 내 전투 다시보기 기능 동작하는지 확인,,,Not Tested,,
,444,,,,"방어덱 버튼 터치 시, 방어덱 설정 메뉴로 이동되는 것 확인
-방어덱 설정은 필수. 방어덱 설정이 안되어 있으면 결투장 입장은 불가능함",,,Not Tested,,
,445,,,,"입장 버튼 터치 시, 공격 덱 설정 메뉴로 이동되는 것 확인",,,Not Tested,,
,446,,,,"덱 세팅 완료 후 입장 버튼 터치 시, 임의의 대상과 매칭 후 결투 진행되는 것 확인",,,Not Tested,,
,447,,,,"반복전투 터치 시, 반복전투 설정 팝업 노출되는 것 확인",,,Not Tested,,
,448,,,,배경음악 및 UI 터치 사운드 출력되는 것 확인,,,Not Tested,,
,449,,,,전투 종료 후 전투 통계가 출력되는 것 확인,,,Not Tested,,
,450,,,,전투 중 사운드 정상 출력 확인,,,Not Tested,,
,451,,,총력전,총력전 메뉴 진입 확인,,,Not Tested,,
,452,,,,"결투장 등급 제한조건 확인 
-이전 시즌 등급 플래티넘3 이상 입장 가능 
-미달시 메뉴 잠금 처리됨",,,Not Tested,,
,453,,,,"팀평성 멀티덱 세팅 기능 확인 
-등급별 덱 개수가 증가함",,,Not Tested,,
,454,,,,미리보기 전투 화면 출력 확인,,,Not Tested,,
,455,,,,랭킹 팝업창 랭킹 출력 확인,,,Not Tested,,
,456,,,,보상 팝업창 오픈 및 보상 표시 확인,,,Not Tested,,
,457,,,,리플레이 저장 및 리플레이 재생 기능 확인,,,Not Tested,,
,458,,,,전투 종료 후 전투 통계가 출력되는 것 확인,,,Not Tested,,
,459,,공통,반복전투,모험 일반 반복전투 백그라운드 플레이 중 전투 복귀 가능한지 확인,,,Not Tested,,
,460,,,,모험 악몽 반복전투 백그라운드 플레이 중 전투 복귀 가능한지 확인,,,Not Tested,,
,461,,,,결투장 반복전투 백그라운드 플레이 중 전투 복귀 가능한지 확인,,,Not Tested,,
,462,,,,상급결투장 반복전투 백그라운드 플레이 중 전투 복귀 가능한지 확인,,,Not Tested,,
,463,,,,레이드 반복전투 백그라운드 플레이 중 전투 복귀 가능한지 확인,,,Not Tested,,
,464,,,,시나리오 이벤트 반복전투 백그라운드 플레이 중 전투 복귀 가능한지 확인,,,Not Tested,,
,465,,,,임의의 반복전투 진행중 종료후 재접속시 반복전투가 진행중 및 전투 복귀 가능한지 확인,,,Not Tested,,
,466,,,,전투 종료 후 전투 통계가 출력되는 것 확인,,,Not Tested,,
